URL,Status
pornhub.com,berbahaya
xvideos.com,berbahaya
xhamster.com,berbahaya
redtube.com,berbahaya
xnxx.com,berbahaya
myfreecams.com,berbahaya
youjizz.com,berbahaya
youporn.com,berbahaya
tube8.com,berbahaya
cam4.com,berbahaya
playboy.com,berbahaya
spankwire.com,berbahaya
xtube.com,berbahaya
brazzers.com,berbahaya
beeg.com,berbahaya
yourlust.com,berbahaya
clips4sale.com,berbahaya
keezmovies.com,berbahaya
drtuber.com,berbahaya
www.gotporn.com,berbahaya
extremetube.com,berbahaya
slutload.com,berbahaya
livejasmin.com,berbahaya
oglaf.com,berbahaya
freeones.com,berbahaya
tubegalore.com,berbahaya
fakku.net,berbahaya
porntube.com,berbahaya
fetlife.com,berbahaya
furaffinity.net,berbahaya
suicidegirls.com,berbahaya
4tube.com,berbahaya
edenfantasys.com,berbahaya
adam4adam.com,berbahaya
adameve.com,berbahaya
adultfriendfinder.com,berbahaya
naughtyamerica.com,berbahaya
literotica.com,berbahaya
gaytube.com,berbahaya
shufuni.com,berbahaya
bangbros.com,berbahaya
motherless.com,berbahaya
nudevista.com,berbahaya
efukt.com,berbahaya
alphaporno.com,berbahaya
planetsuzy.org,berbahaya
ashemaletube.com,berbahaya
tblop.com,berbahaya
pornmd.com,berbahaya
brazzersnetwork.com,berbahaya
empflix.com,berbahaya
tnaflix.com,berbahaya
ftvgirls.com,berbahaya
pornbb.org,berbahaya
manhub.com,berbahaya
fantasti.cc,berbahaya
fapdu.com,berbahaya
fuq.com,berbahaya
x-art.com,berbahaya
perfectgirls.net,berbahaya
nubiles.net,berbahaya
xxxbunker.com,berbahaya
jizzhut.com,berbahaya
videarn.com,berbahaya
twistys.com,berbahaya
men.com,berbahaya
met-art.com,berbahaya
porn.com,berbahaya
pornoxo.com,berbahaya
myredbook.com,berbahaya
video-one.com,berbahaya
chaturbate.com,berbahaya
apetube.com,berbahaya
gonzoxxxmovies.com,berbahaya
fleshbot.com,berbahaya
nuvid.com,berbahaya
adultbay.org,berbahaya
badjojo.com,berbahaya
sankakucomplex.com,berbahaya
camfuze.com,berbahaya
cliphunter.com,berbahaya
kink.com,berbahaya
eporner.com,berbahaya
slutroulette.com,berbahaya
gaymaletube.com,berbahaya
gelbooru.com,berbahaya
elephanttube.com,berbahaya
vp7.com,berbahaya
penthouse.com,berbahaya
realitykings.com,berbahaya
kindgirls.com,berbahaya
asstr.org,berbahaya
boobpedia.com,berbahaya
imagefap.com,berbahaya
anilos.com,berbahaya
vintage-erotica-forum.com,berbahaya
yuvutu.com,berbahaya
hottystop.com,berbahaya
mofos.com,berbahaya
youngpornvideos.com,berbahaya
pichunter.com,berbahaya
iafd.com,berbahaya
zootube365.com,berbahaya
freeporn.com,berbahaya
wetpussygames.com,berbahaya
vid2c.com,berbahaya
pornerbros.com,berbahaya
e621.net,berbahaya
femjoy.com,berbahaya
dudesnude.com,berbahaya
discreethearts.com,berbahaya
silverdaddies.com,berbahaya
swinglifestyle.com,berbahaya
givemegay.com,berbahaya
anonib.com,berbahaya
homemoviestube.com,berbahaya
lobstertube.com,berbahaya
tubepleasure.com,berbahaya
flirt4free.com,berbahaya
pornorama.com,berbahaya
89.com,berbahaya
voyeurweb.com,berbahaya
pornpros.com,berbahaya
bangyoulater.com,berbahaya
bravoerotica.com,berbahaya
pornrabbit.com,berbahaya
digitalplayground.com,berbahaya
madthumbs.com,berbahaya
hentai-foundry.com,berbahaya
orgasm.com,berbahaya
hegre-art.com,berbahaya
boyfriendtv.com,berbahaya
adult-empire.com,berbahaya
sunporno.com,berbahaya
gotgayporn.com,berbahaya
bravotube.net,berbahaya
yobt.com,berbahaya
youporngay.com,berbahaya
redtubelive.com,berbahaya
deviantclip.com,berbahaya
naked.com,berbahaya
fuskator.com,berbahaya
fux.com,berbahaya
tubekitty.com,berbahaya
rk.com,berbahaya
sexart.com,berbahaya
imlive.com,berbahaya
eskimotube.com,berbahaya
totallynsfw.com,berbahaya
teensnow.com,berbahaya
collarme.com,berbahaya
theeroticreview.com,berbahaya
squirt.org,berbahaya
dreammovies.com,berbahaya
wearehairy.com,berbahaya
joymii.com,berbahaya
watchersweb.com,berbahaya
definebabe.com,berbahaya
gay-torrents.net,berbahaya
pornsharia.com,berbahaya
nifty.org,berbahaya
rude.com,berbahaya
nastyvideotube.com,berbahaya
entensity.net,berbahaya
fling.com,berbahaya
magicmovies.com,berbahaya
hotmovies.com,berbahaya
poguide.com,berbahaya
paheal.net,berbahaya
girlsofdesire.org,berbahaya
babes.com,berbahaya
submityourflicks.com,berbahaya
mofosex.com,berbahaya
xxxymovies.com,berbahaya
4porn.com,berbahaya
cams.com,berbahaya
youngleafs.com,berbahaya
keandra.com,berbahaya
worldsex.com,berbahaya
heaven666.org,berbahaya
milfmovs.com,berbahaya
adultwork.com,berbahaya
sexyandfunny.com,berbahaya
redtubenow.com,berbahaya
uselessjunk.com,berbahaya
pornper.com,berbahaya
mplstudios.com,berbahaya
greengaytube.com,berbahaya
largeporntube.com,berbahaya
hornywhores.net,berbahaya
taxidrivermovie.com,berbahaya
hot-sex-tube.com,berbahaya
scoreland.com,berbahaya
aebn.net,berbahaya
pornhublive.com,berbahaya
boysfood.com,berbahaya
jjgirls.com,berbahaya
eroticbeauties.net,berbahaya
fulltubemovies.com,berbahaya
freexcafe.com,berbahaya
www.lacasaca.com,berbahaya
www.dvleap.org,berbahaya
www.hamiltonmunicipalcourt.org,berbahaya
www.brookhillgolfclub1975.com,berbahaya
www.sammystasteofchicago.com,berbahaya
